building_id,floor,room_id,name,capacity,date,available
b1,2F,b1-201,201,40,2026-07-09,00:00-08:50/10:30-13:10/14:50-15:00/16:40-16:50/19:00-24:00
b1,2F,b1-202,202,40,2026-07-09,00:00-08:50/10:30-10:40/12:20-13:00/16:00-17:00/21:00-24:00
b1,2F,b1-203,203,40,2026-07-09,00:00-08:50/10:30-10:40/12:20-13:10/14:50-15:00/16:40-16:50/21:00-24:00
b1,2F,b1-204,204,40,2026-07-09,00:00-08:50/10:30-10:40/12:20-13:10/14:50-15:00/16:40-16:50/18:30-18:40/20:20-24:00
b1,2F,b1-205,205,40,2026-07-09,00:00-08:50/10:30-10:40/12:20-13:10/14:50-15:00/16:40-18:40/20:20-24:00
b1,2F,b1-206,206,128,2026-07-09,00:00-08:50/10:30-10:40/12:20-13:10/14:50-24:00
b1,2F,b1-207,207,104,2026-07-09,00:00-08:30/10:30-10:40/12:20-13:10/14:50-16:00/21:00-24:00
b1,2F,b1-208,208,104,2026-07-09,00:00-10:40/12:20-13:10/14:50-24:00
b1,3F,b1-301,301,40,2026-07-09,00:00-08:50/10:30-10:40/12:20-13:10/14:50-15:00/16:40-24:00
b1,3F,b1-302,302,40,2026-07-09,00:00-08:50/10:30-10:40/12:20-13:10/14:50-15:10/21:00-24:00
b1,3F,b1-303,303,117,2026-07-09,00:00-08:50/10:30-10:40/12:20-13:10/14:50-15:00/16:40-16:50/18:30-24:00
b1,3F,b1-304,304,40,2026-07-09,00:00-08:50/10:30-10:40/12:20-13:10/14:50-15:00/16:40-24:00
b1,3F,b1-305,305,40,2026-07-09,00:00-08:50/10:30-10:40/12:20-13:10/14:50-15:00/16:40-18:40/20:20-24:00
b1,3F,b1-306,306,134,2026-07-09,00:00-10:40/12:20-13:10/14:50-24:00
b1,3F,b1-307,307,104,2026-07-09,
b1,3F,b1-308,308,110,2026-07-09,00:00-13:10/14:50-16:50/18:30-24:00
b1,4F,b1-401,401,40,2026-07-09,00:00-08:50/10:30-10:40/12:20-13:10/14:50-15:00/16:40-24:00
b1,4F,b1-402,402,40,2026-07-09,00:00-08:50/10:30-10:40/12:20-13:10/14:50-15:00/16:40-24:00
b1,4F,b1-403,403,117,2026-07-09,00:00-13:10/14:50-15:00/16:40-18:40/20:20-24:00
b1,4F,b1-404,404,40,2026-07-09,00:00-08:50/10:30-10:40/12:20-13:10/14:50-24:00
b1,4F,b1-405,405,40,2026-07-09,00:00-08:50/10:30-10:40/12:20-12:30/16:40-24:00
b1,4F,b1-406,406,134,2026-07-09,00:00-13:10/14:50-15:00/16:40-24:00
b1,4F,b1-407,407,104,2026-07-09,
b1,4F,b1-408,408,110,2026-07-09,00:00-10:40/12:20-13:10/14:50-24:00
b1,5F,b1-501,501,40,2026-07-09,00:00-08:50/10:30-10:40/12:20-13:10/14:50-24:00
b1,5F,b1-502,502,40,2026-07-09,00:00-08:50/10:30-10:40/12:20-13:10/14:50-15:00/16:40-16:50/18:30-24:00
b1,5F,b1-503,503,117,2026-07-09,00:00-08:50/10:30-10:40/12:20-13:10/14:50-15:00/16:40-24:00
b1,5F,b1-504,504,40,2026-07-09,00:00-08:50/10:30-10:40/12:20-13:10/14:50-15:00/16:40-24:00
b1,5F,b1-505,505,40,2026-07-09,00:00-08:50/10:30-10:40/12:20-13:10/14:50-15:00/16:40-24:00
b1,5F,b1-506,506,80,2026-07-09,00:00-08:50/10:30-10:40/12:20-13:10/14:50-15:00/16:40-16:50/18:30-18:40/20:20-24:00
b1,5F,b1-508,508,104,2026-07-09,00:00-10:40/12:20-13:10/14:50-24:00
b1,5F,b1-509,509,110,2026-07-09,00:00-10:40/12:20-13:10/14:50-15:00/16:40-24:00
b1,7F,b1-702,702,24,2026-07-09,00:00-08:50/10:30-10:40/12:20-13:10/14:50-15:00/16:40-24:00
b1,7F,b1-707,707,17,2026-07-09,00:00-08:50/12:20-13:10/14:50-15:00/16:40-18:40/20:20-24:00
b1,7F,b1-708,708,16,2026-07-09,00:00-10:00/11:30-13:10/14:50-15:00/16:40-24:00
b1,7F,b1-709,709,16,2026-07-09,00:00-10:00/11:00-13:10/14:50-15:00/16:40-18:40/20:20-24:00
b1,8F,b1-801,801,16,2026-07-09,00:00-10:00/12:00-13:10/14:50-15:00/16:40-18:40/22:00-24:00
b1,8F,b1-803,803,40,2026-07-09,00:00-08:50/10:30-10:40/12:20-13:10/14:50-15:00/16:40-24:00
b1,8F,b1-805,805,17,2026-07-09,00:00-13:10/14:50-15:00/16:40-18:40/20:20-24:00
b1,8F,b1-806,806,24,2026-07-09,00:00-13:10/14:50-15:00/16:40-18:40/20:20-24:00
b1,8F,b1-807,807,24,2026-07-09,00:00-13:10/14:50-15:00/16:40-18:40/20:20-24:00
b1,8F,b1-809,809,40,2026-07-09,00:00-08:50/10:30-10:40/12:20-13:10/14:50-15:00/16:40-24:00
b1,8F,b1-811,811,30,2026-07-09,00:00-08:50/10:30-10:40/12:20-13:10/14:50-24:00
b1,8F,b1-812,812,42,2026-07-09,00:00-08:50/10:30-10:40/12:20-13:10/14:50-15:00/16:40-24:00
b1,9F,b1-903,903,16,2026-07-09,00:00-10:40/12:20-13:10/14:50-15:00/16:40-18:40/20:20-24:00
b1,9F,b1-904,904,24,2026-07-09,00:00-08:50/10:30-10:40/12:20-13:50/15:00-18:40/22:00-24:00
b1,9F,b1-906,906,17,2026-07-09,00:00-08:50/10:30-10:40/12:20-13:10/14:50-15:00/16:40-18:40/20:20-24:00
b1,9F,b1-907,907,16,2026-07-09,00:00-12:00/14:00-15:00/16:40-16:50/18:30-18:40/22:00-24:00
b1,9F,b1-908,908,16,2026-07-09,00:00-10:00/16:00-24:00
b2,4F,b2-401,401,60,2026-07-09,11:50-12:00/13:30-13:40/16:40-16:50/18:30-18:40
b2,4F,b2-402,402,40,2026-07-09,00:00-08:50/10:30-10:40/12:20-13:10/14:50-15:00/16:40-24:00
b2,4F,b2-404,404,24,2026-07-09,00:00-10:40/12:20-13:10/14:50-15:00/16:40-24:00
b2,4F,b2-405,405,24,2026-07-09,00:00-10:40/12:20-13:10/14:50-24:00
b2,4F,b2-406,406,40,2026-07-09,00:00-08:50/10:30-10:40/12:20-13:10/14:50-15:00/16:40-24:00
b3,3F,b3-301,301,524,2026-07-09,00:00-08:50/10:30-10:40/13:10-15:00/16:40-24:00
b3,3F,b3-302,302,171,2026-07-09,
b4,3F,b4-301,301,174,2026-07-09,00:00-12:00/14:00-15:00/16:40-18:40/20:20-24:00
b4,3F,b4-303,303,181,2026-07-09,00:00-08:50/10:30-10:40/12:20-13:10/14:50-15:00/16:40-17:00/21:00-24:00
b4,3F,b4-305,305,90,2026-07-09,
b4,3F,b4-306,306,240,2026-07-09,00:00-10:40/12:20-13:10/14:50-15:00/16:40-24:00
b4,4F,b4-401,401,16,2026-07-09,00:00-24:00
b4,4F,b4-402,402,20,2026-07-09,00:00-08:50/10:30-10:40/12:20-24:00
b4,4F,b4-403,403,108,2026-07-09,00:00-10:40/12:20-13:10/14:50-15:00/16:40-16:50/20:20-24:00
b4,4F,b4-410,410,60,2026-07-09,00:00-10:40/12:20-13:10/14:50-15:00/16:40-16:50/18:30-18:40/20:20-24:00
b4,4F,b4-411,411,132,2026-07-09,00:00-08:50/10:30-10:40/12:20-13:10/14:50-16:50/18:30-24:00
b4,4F,b4-412,412,108,2026-07-09,00:00-08:50/10:30-10:40/12:20-16:50/18:30-18:40/20:20-24:00
b5,1F,b5-101,101,40,2026-07-09,
b5,2F,b5-201,201,72,2026-07-09,00:00-08:50/10:30-10:40/12:20-18:40/20:20-24:00
b5,3F,b5-301,301,270,2026-07-09,00:00-08:50/10:30-10:40/12:20-13:10/14:50-15:00/16:40-24:00
b5,3F,b5-302,302,40,2026-07-09,00:00-10:30/13:00-13:10/14:50-15:00/16:40-24:00
b5,3F,b5-303,303,60,2026-07-09,00:00-10:40/12:20-15:00/16:40-24:00
b5,3F,b5-304,304,40,2026-07-09,00:00-08:50/10:30-10:40/12:20-13:10/14:50-15:00/16:40-24:00
b5,4F,b5-401,401,120,2026-07-09,00:00-10:40/12:20-13:10/14:50-15:00/16:40-16:50/18:30-18:40/20:20-24:00
b5,4F,b5-402,402,120,2026-07-09,00:00-10:00/13:00-13:10/14:50-15:00/16:40-24:00
b5,4F,b5-403,403,40,2026-07-09,00:00-10:40/12:20-13:10/14:50-15:00/16:40-24:00
b5,4F,b5-404,404,60,2026-07-09,00:00-10:40/12:20-24:00
b5,4F,b5-405,405,40,2026-07-09,00:00-10:30/13:00-13:10/14:50-15:00/16:40-24:00
b5,5F,b5-501,501,96,2026-07-09,00:00-08:50/10:30-10:40/12:20-13:10/14:50-15:00/16:40-24:00
b5,5F,b5-502,502,96,2026-07-09,00:00-08:50/10:30-10:40/12:20-13:10/14:50-15:00/16:40-24:00
b5,5F,b5-503,503,40,2026-07-09,00:00-10:40/12:20-13:10/14:50-15:00/16:40-24:00
b5,5F,b5-504,504,60,2026-07-09,00:00-10:40/12:20-13:10/14:50-15:00/16:40-24:00
b5,5F,b5-505,505,40,2026-07-09,00:00-10:40/12:20-13:10/14:50-15:00/16:40-24:00
b6,1F,b6-101,101,81,2026-07-09,00:00-10:40/12:20-13:10/14:50-16:00/17:00-24:00
b6,1F,b6-102,102,81,2026-07-09,00:00-08:50/16:30-24:00
b6,1F,b6-103,103,90,2026-07-09,00:00-08:30/13:00-13:10/14:50-15:00/16:40-16:50/18:00-24:00
b6,2F,b6-201,201,24,2026-07-09,00:00-08:50/17:00-24:00
b6,2F,b6-202,202,24,2026-07-09,00:00-16:30/18:00-24:00
b6,2F,b6-203,203,24,2026-07-09,00:00-16:30/18:00-24:00
b6,3F,b6-301,301,40,2026-07-09,00:00-08:50/10:30-11:00/16:40-24:00
b6,3F,b6-302,302,32,2026-07-09,00:00-24:00
b6,3F,b6-303,303,48,2026-07-09,00:00-24:00
